{
	"easycom": {
		"^u-(.*)": "@/uview-ui/components/u-$1/u-$1.vue"
	},
	"pages": [{
			"path": "pages/index/index",
			"style": {
				"navigationBarTitleText": "明细",
				"app-plus": {
					"bounce": "none"
				}
			}
		},
		{
			"path": "pages/index/detail",
			"style": {
				"navigationBarTitleText": "详情",
				"app-plus": {
					"bounce": "none"
				}
			}
		},
		{
			"path": "pages/login/index",
			"style": {
				"navigationBarTitleText": "登录",
				"app-plus": {
					"bounce": "none"
				}
			}
		},
		{
			"path": "pages/login/register",
			"style": {
				"navigationBarTitleText": "注册",
				"app-plus": {
					"bounce": "none"
				}
			}
		},
		{
			"path": "pages/bill/add",
			"style": {
				"navigationBarTitleText": "记账",
				"app-plus": {
					"bounce": "none"
				}
			}
		},
		{
			"path": "pages/index/edit",
			"style": {
				"navigationBarTitleText": "编辑账单",
				"app-plus": {
					"bounce": "none"
				}
			}
		},
		{
			"path": "pages/statistics/index",
			"style": {
				"navigationBarTitleText": "统计",
				"app-plus": {
					"bounce": "none"
				}
			}
		},
		{
			"path": "pages/user/user",
			"style": {
				"navigationBarTitleText": "我的",
				"navigationStyle": "custom",
				"app-plus": {
					"bounce": "none"
				}
			}
		},
		{
			"path": "pages/setting/category",
			"style": {
				"navigationBarTitleText": "分类设置",
				"app-plus": {
					"bounce": "none"
				}
			}

		}
	],
	"globalStyle": {
		"navigationBarTextStyle": "white",
		"navigationBarTitleText": "有钱花记账",
		"navigationBarBackgroundColor": "#42b479",
		"backgroundColor": "#FFFFFF"
	},
	"condition": { //模式配置，仅开发期间生效
		"current": 0, //当前激活的模式(list 的索引项)
		"list": [{
			"name": "", //模式名称
			"path": "", //启动页面，必选
			"query": "" //启动参数，在页面的onLoad函数里面得到
		}]
	},
	"tabBar": {
		"color": "#C0C4CC",
		"selectedColor": "#42b479",
		"borderStyle": "black",
		"backgroundColor": "#ffffff",
		"list": [{
				"pagePath": "pages/index/index",
				"iconPath": "static/tab-bar/tab-bill.png",
				"selectedIconPath": "static/tab-bar/tab-bill-cur.png",
				"text": "明细"
			},
			{
				"pagePath": "pages/statistics/index",
				"iconPath": "static/tab-bar/tab-statistic.png",
				"selectedIconPath": "static/tab-bar/tab-statistic-cur.png",
				"text": "统计"
			},
			{
				"pagePath": "pages/user/user",
				"iconPath": "static/tab-bar/tab-my.png",
				"selectedIconPath": "static/tab-bar/tab-my-cur.png",
				"text": "我的"
			}
		]
	}
}
